<?xml version="1.0" standalone="yes"?>
<diffgr:diffgram xmlns:msdata="urn:schemas-microsoft-com:xml-msdata" xmlns:diffgr="urn:schemas-microsoft-com:xml-diffgram-v1">
  <SMTPConfig xmlns="http://tempuri.org/SMTPConfig.xsd">
    <DSSMTPCONFIG diffgr:id="DSSMTPCONFIG1" msdata:rowOrder="0" diffgr:hasChanges="inserted">
      <SmtpServer />
      <UserName />
      <ServerAddress />
      <MsgBody />
      <Subject />
      <Puerto />
      <Password />
      <MailUser />
    </DSSMTPCONFIG>
  </SMTPConfig>
</diffgr:diffgram>